Product description (HS),Product description (FAOSTAT),Water State,US Average,Global Average,Alabama,Arizona,Arkansas,California,Colorado,Connecticut,Delaware,Florida,Georgia,Hawaii,Idaho,Illinois,Indiana,Iowa,Kansas,Kentucky,Louisiana,Maine,Maryland,Massachusetts,Michigan,Minnesota,Mississippi,Missouri,Montana,Nebraska,Nevada,New Hampshire,New Jersey,New Mexico,New York,North Carolina,North Dakota,Ohio,Oklahoma,Oregon,Pennyslvania,Rhode Island,South Carolina,South Dakota,Tennessee,Texas,Utah,Vermont,Virginia,Washington,West Virginia,Wisconsin,Wyoming,US Great Lakes,Lake Erie (US)
"Wheat (Durum wheat, Wheat nes and meslin)",Wheat,Green,1869.434793,1277.211274,1225,399,1547,726,2690,,1382,1198,1345,,1420,1448,1374,1531,2042,1379,1365,1031,1467,1318,1390,1216,1462,1468,2354,2202,1763,,1653,1675,1372,1421,1256,1403,2272,2068,1602,,1330,1851,1459,2035,1937,1229,1468,2128,1496,1516,2774,1204,1306
"Wheat (Durum wheat, Wheat nes and meslin)",Wheat,Blue,91.90643968,342.4551269,0,848,19,522,239,,22,,23,,864,1,1,15,76,4,2,0,3,,3,0,11,6,53,115,896,,11,943,1,5,1,10,36,275,0,,6,3,1,304,671,,1,262,11,1,129,,
"Wheat (Durum wheat, Wheat nes and meslin)",Wheat,Grey,229.2071692,207.4218466,127,156,146,158,370,,135,133,146,,214,133,132,144,223,126,130,121,142,127,146,152,134,136,299,255,316,,144,244,138,144,184,133,226,320,137,,152,206,130,248,289,130,152,335,141,141,320,120,120
Wheat or meslin flour,Wheat,Green,1891.659902,1292.395628,1239,404,1565,734,2722,,1398,1212,1361,,1437,1466,1390,1549,2067,1395,1381,1043,1485,1334,1407,1230,1479,1486,2381,2228,1784,,1672,1695,1388,1438,1271,1419,2299,2093,1622,,1346,1873,1476,2059,1960,1244,1485,2153,1514,1534,2807,1218,1321
Wheat or meslin flour,Wheat,Blue,92.99908577,346.5264657,0,858,20,529,242,,22,,23,,874,1,1,15,77,4,3,0,4,,4,0,11,6,53,116,907,,11,954,1,5,1,10,36,278,0,,6,3,1,308,679,,1,265,11,1,130,,
Wheat or meslin flour,Wheat,Grey,231.9321395,209.8878182,129,158,148,160,374,,137,135,147,,216,135,133,146,226,128,131,122,144,129,147,154,136,137,302,258,319,,146,247,139,146,186,134,228,324,139,,154,209,132,251,292,131,154,339,142,142,324,121,121
Wheat bread,Wheat,Green,1644.921654,1123.822285,1078,351,1361,639,2367,,1216,1054,1183,,1250,1274,1209,1347,1797,1213,1201,907,1291,1160,1223,1070,1286,1292,2071,1937,1551,,1454,1474,1207,1250,1105,1234,1999,1820,1410,,1170,1629,1284,1791,1705,1082,1291,1873,1316,1334,2441,1059,1149
Wheat bread,Wheat,Blue,80.86877023,301.3273615,0,746,17,460,211,,19,,20,,760,1,1,13,67,4,2,0,3,,3,0,10,6,46,101,788,,9,830,1,4,1,9,32,242,0,,5,2,1,268,590,,1,231,10,1,113,,
Wheat bread,Wheat,Grey,201.6801213,182.5111463,112,137,129,139,326,,119,117,128,,188,117,116,127,196,111,114,106,125,112,128,134,118,119,263,224,278,,127,215,121,127,162,117,198,282,121,,134,181,115,219,254,114,134,295,124,124,282,105,105
Dry pasta,Wheat,Green,1891.659902,1292.395628,1239,404,1565,734,2722,,1398,1212,1361,,1437,1466,1390,1549,2067,1395,1381,1043,1485,1334,1407,1230,1479,1486,2381,2228,1784,,1672,1695,1388,1438,1271,1419,2299,2093,1622,,1346,1873,1476,2059,1960,1244,1485,2153,1514,1534,2807,1218,1321
Dry pasta,Wheat,Blue,92.99908577,346.5264657,0,858,20,529,242,,22,,23,,874,1,1,15,77,4,3,0,4,,4,0,11,6,53,116,907,,11,954,1,5,1,10,36,278,0,,6,3,1,308,679,,1,265,11,1,130,,
Dry pasta,Wheat,Grey,231.9321395,209.8878182,129,158,148,160,374,,137,135,147,,216,135,133,146,226,128,131,122,144,129,147,154,136,137,302,258,319,,146,247,139,146,186,134,228,324,139,,154,209,132,251,292,131,154,339,142,142,324,121,121
Wheat groats and meal,Wheat,Green,2083.463726,1423.437378,1365,445,1724,809,2998,,1540,1335,1499,,1583,1614,1531,1706,2276,1536,1521,1149,1635,1469,1549,1355,1629,1636,2623,2454,1965,,1842,1867,1529,1584,1400,1563,2533,2305,1786,,1482,2063,1626,2268,2159,1370,1636,2372,1667,1689,3091,1342,1455
Wheat groats and meal,Wheat,Blue,102.4286773,381.6623276,1,945,22,582,267,,24,,25,,963,1,1,17,85,5,3,0,4,,4,0,12,7,59,128,999,,12,1051,2,5,1,11,40,306,0,,7,3,1,339,748,,1,292,13,1,144,,
Wheat groats and meal,Wheat,Grey,255.4487723,231.1692791,142,174,163,176,412,,151,149,162,,238,149,147,161,248,140,144,134,158,142,162,170,149,151,333,284,352,,161,272,154,160,205,148,251,357,153,,170,230,145,277,322,144,169,374,157,157,357,133,133
Wheat pellets,Wheat,Green,2083.463726,1423.437378,1365,445,1724,809,2998,,1540,1335,1499,,1583,1614,1531,1706,2276,1536,1521,1149,1635,1469,1549,1355,1629,1636,2623,2454,1965,,1842,1867,1529,1584,1400,1563,2533,2305,1786,,1482,2063,1626,2268,2159,1370,1636,2372,1667,1689,3091,1342,1455
Wheat pellets,Wheat,Blue,102.4286773,381.6623276,1,945,22,582,267,,24,,25,,963,1,1,17,85,5,3,0,4,,4,0,12,7,59,128,999,,12,1051,2,5,1,11,40,306,0,,7,3,1,339,748,,1,292,13,1,144,,
Wheat pellets,Wheat,Grey,255.4487723,231.1692791,142,174,163,176,412,,151,149,162,,238,149,147,161,248,140,144,134,158,142,162,170,149,151,333,284,352,,161,272,154,160,205,148,251,357,153,,170,230,145,277,322,144,169,374,157,157,357,133,133
"Wheat, starch",Wheat,Green,1469.197262,1003.766119,962,314,1216,570,2114,,1086,941,1057,,1116,1138,1080,1203,1605,1083,1072,810,1153,1036,1092,955,1149,1154,1850,1730,1385,,1299,1316,1078,1117,987,1102,1786,1625,1259,,1045,1455,1147,1599,1523,966,1153,1672,1176,1191,2180,946,1026
"Wheat, starch",Wheat,Blue,72.22968675,269.1370336,0,666,15,411,188,,17,,18,,679,0,1,12,60,3,2,0,3,,3,0,9,5,42,90,704,,8,741,1,4,1,8,28,216,0,,5,2,0,239,527,,1,206,9,1,101,,
"Wheat, starch",Wheat,Grey,180.1349513,163.0137677,100,123,115,124,291,,106,105,115,,168,105,104,113,175,99,102,95,112,100,115,120,105,107,235,200,248,,113,192,108,113,144,104,177,252,108,,120,162,102,195,227,102,119,264,111,110,252,94,94
"Wheat gluten, whether or not dried",Wheat,Green,4285.614864,2927.962847,2808,915,3547,1664,6166,,3168,2745,3083,,3256,3320,3149,3509,4682,3160,3128,2363,3364,3022,3187,2787,3351,3366,5395,5047,4041,,3789,3840,3144,3258,2879,3216,5209,4741,3674,,3049,4243,3344,4665,4441,2818,3365,4879,3430,3475,6359,2760,2994
"Wheat gluten, whether or not dried",Wheat,Blue,210.6923469,785.0665811,1,1944,45,1198,549,,50,,52,,1980,1,3,34,175,10,6,0,8,,8,0,25,15,121,263,2054,,24,2162,3,11,3,23,82,629,1,,14,6,1,698,1538,,3,601,26,2,295,,
"Wheat gluten, whether or not dried",Wheat,Grey,525.4495395,475.507438,292,358,335,362,848,,310,306,334,,490,306,302,331,511,289,297,276,326,291,334,349,307,311,685,584,724,,331,560,316,330,421,304,517,734,315,,349,473,299,570,662,297,348,769,322,322,735,274,274
Maize (corn),Maize,Green,522.4293947,947.196348,633,249,406,139,379,459,477,486,505,,951,578,526,553,479,581,554,377,505,456,466,525,510,591,306,443,643,394,444,394,447,528,509,493,464,279,456,470,538,586,648,556,247,412,520,209,442,465,314,414,457
Maize (corn),Maize,Blue,63.28783472,81.2263956,15,603,211,440,355,3,34,78,71,,,5,7,2,265,2,89,0,13,0,14,4,79,27,290,191,242,,5,398,1,4,23,0,306,410,1,,11,17,4,254,499,0,9,427,0,3,342,,
Maize (corn),Maize,Grey,176.4828976,193.9309197,187,174,162,143,157,150,153,146,165,,649,192,172,177,166,190,180,138,165,149,163,165,179,186,162,153,423,132,146,162,149,152,184,165,176,205,150,157,171,215,211,205,163,144,170,175,155,158,157,131,131
Maize (corn) nes,Maize,Green,522.4293947,947.196348,633,249,406,139,379,459,477,486,505,,951,578,526,553,479,581,554,377,505,456,466,525,510,591,306,443,643,394,444,394,447,528,509,493,464,279,456,470,538,586,648,556,247,412,520,209,442,465,314,414,457
Maize (corn) nes,Maize,Blue,63.28783472,81.2263956,15,603,211,440,355,3,34,78,71,,,5,7,2,265,2,89,0,13,0,14,4,79,27,290,191,242,,5,398,1,4,23,0,306,410,1,,11,17,4,254,499,0,9,427,0,3,342,,
Maize (corn) nes,Maize,Grey,176.4828976,193.9309197,187,174,162,143,157,150,153,146,165,,649,192,172,177,166,190,180,138,165,149,163,165,179,186,162,153,423,132,146,162,149,152,184,165,176,205,150,157,171,215,211,205,163,144,170,175,155,158,157,131,131
Maize (corn) flour,Maize,Green,535.6961767,971.2498329,649,255,416,142,389,471,489,498,518,,976,593,539,567,492,596,569,386,518,468,478,538,523,606,314,454,660,404,455,404,459,541,522,505,476,287,467,482,552,601,665,570,253,423,533,214,453,476,322,424,469
Maize (corn) flour,Maize,Blue,64.89499144,83.28909134,15,618,216,451,364,3,35,80,73,,,6,7,2,271,2,91,0,13,0,14,4,81,28,298,195,248,,5,409,1,4,23,0,314,421,1,,12,17,4,261,511,0,9,438,0,4,351,,
Maize (corn) flour,Maize,Grey,180.9645752,198.8556794,192,178,167,146,161,154,157,150,169,,666,197,177,182,170,195,184,142,170,152,167,169,183,190,166,157,434,136,149,166,152,156,189,169,181,210,154,161,175,221,216,211,167,148,175,179,159,162,161,135,135
Maize (corn) groats and meal,Maize,Green,461.8031239,837.2772224,559,220,359,123,335,406,422,429,447,,841,511,465,488,424,514,490,333,446,404,412,464,451,522,270,392,569,348,392,348,395,467,450,436,410,247,403,416,476,518,573,492,218,364,460,185,391,411,277,366,404
Maize (corn) groats and meal,Maize,Blue,55.94348265,71.80033056,13,533,186,389,314,3,30,69,63,,,5,6,1,234,2,78,0,12,0,12,4,70,24,257,168,214,,4,352,1,3,20,0,271,363,1,,10,15,4,225,441,0,8,377,0,3,303,,
Maize (corn) groats and meal,Maize,Grey,156.0026182,171.4258528,165,153,144,126,139,133,135,129,146,,574,169,152,157,147,168,159,122,146,131,144,146,158,164,143,135,374,117,129,143,131,135,163,146,156,181,133,139,151,190,187,182,144,127,151,155,137,139,139,116,116
"Maize (corn), hulled, pearled, sliced or kibbled",Maize,Green,561.7520373,1018.490697,680,268,436,149,408,494,513,522,543,,1023,622,565,594,515,625,596,405,543,491,501,564,549,635,329,476,692,423,477,424,481,568,547,530,499,301,490,506,578,631,697,598,266,443,559,225,475,500,337,445,491
"Maize (corn), hulled, pearled, sliced or kibbled",Maize,Blue,68.05143518,87.34021032,16,648,227,473,382,3,37,84,76,,,6,7,2,285,2,95,0,14,0,15,5,85,29,312,205,260,,5,428,1,4,25,0,330,441,1,,12,18,4,273,536,0,10,459,0,4,368,,
"Maize (corn), hulled, pearled, sliced or kibbled",Maize,Grey,189.7665565,208.5278706,201,187,175,153,169,161,165,157,177,,698,206,185,191,178,205,193,149,178,160,175,178,192,200,174,165,455,142,156,174,160,164,198,178,190,220,161,169,184,231,227,221,175,155,183,188,167,170,169,141,141
Maize (corn) starch,Maize,Green,714.261569,1294.999777,865,340,555,190,518,628,653,664,691,,1301,791,719,756,655,795,758,515,690,624,637,717,698,808,418,606,879,538,607,539,612,722,696,674,635,382,623,643,735,802,886,761,338,563,711,286,604,635,429,566,625
Maize (corn) starch,Maize,Blue,86.52665525,111.0521218,20,824,288,601,485,4,47,106,97,,,7,9,2,362,3,121,0,18,0,19,6,108,37,397,261,330,,7,545,2,5,31,0,419,561,1,,16,23,6,347,682,0,12,583,0,5,468,,
Maize (corn) starch,Maize,Grey,241.2861003,265.1409059,256,237,222,195,215,205,209,200,226,,888,262,236,243,227,260,245,189,226,203,222,226,245,254,222,209,579,181,199,222,203,208,252,226,241,280,205,214,233,294,289,281,222,197,233,239,212,216,215,179,179
Maize (corn) oil crude,Maize,Green,1078.67287,1955.699686,1306,514,838,287,783,948,986,1003,1043,,1965,1194,1086,1141,990,1200,1145,778,1042,943,963,1083,1053,1220,632,915,1328,813,917,814,924,1090,1051,1018,959,577,941,971,1111,1211,1339,1149,510,851,1074,431,913,959,648,854,943
Maize (corn) oil crude,Maize,Blue,130.671955,167.7101445,31,1244,435,908,733,6,71,160,146,,,11,14,3,547,5,183,0,27,0,28,9,163,56,599,394,499,,10,823,3,8,47,0,633,847,1,,23,35,8,525,1030,0,18,881,0,7,707,,
Maize (corn) oil crude,Maize,Grey,364.388596,400.4139581,386,358,335,295,325,310,316,302,341,,1341,396,356,366,343,393,371,286,341,307,336,341,369,383,335,316,874,274,300,335,307,314,381,341,364,422,310,324,352,444,436,424,336,298,352,361,321,326,325,271,271
"Maize (corn) oil and its fractions,refined but not chemically modified",Maize,Green,1100.686602,1995.611925,1333,524,855,293,799,967,1006,1023,1065,,2005,1219,1108,1164,1010,1225,1168,794,1064,962,982,1105,1075,1244,645,934,1355,829,935,831,942,1112,1072,1039,978,589,961,991,1133,1236,1366,1172,521,868,1096,440,931,979,661,872,963
"Maize (corn) oil and its fractions,refined but not chemically modified",Maize,Blue,133.3387295,171.1328005,31,1270,444,926,748,6,72,164,149,,,11,14,3,558,5,186,0,27,0,29,9,166,57,611,402,509,,11,839,3,8,48,0,646,865,1,,24,35,9,535,1051,0,19,899,0,7,721,,
"Maize (corn) oil and its fractions,refined but not chemically modified",Maize,Grey,371.825098,408.5856715,394,366,342,301,331,316,322,308,348,,1368,404,363,374,349,401,378,292,348,313,343,348,377,391,341,323,892,279,307,342,313,321,388,348,371,431,316,330,360,453,445,433,343,304,359,369,327,332,332,276,276
Oats,Oats,Green,1313.327849,1478.705099,1662,495,1246,652,1334,1254,1190,1566,1345,,1021,1608,1497,1736,1378,1454,1160,1244,1307,1290,1335,1679,1209,1242,1901,1816,915,1127,1243,882,1367,1316,1681,1477,1538,1297,1476,1208,1531,1644,1529,1525,1132,1226,1252,715,1413,1502,1795,180,495
Oats,Oats,Blue,594.6719574,181.0401797,59,2208,139,1863,1065,304,422,223,326,,1454,117,181,3,12,259,263,2,289,256,172,20,157,34,158,62,1314,1,382,2060,78,225,1,48,140,1092,24,304,115,5,284,317,1119,96,318,1501,25,75,364,1,
Oats,Oats,Grey,215.2163291,128.1030769,205,191,211,189,247,183,180,188,193,,231,214,209,218,216,198,188,181,194,185,203,211,197,194,295,248,281,182,184,194,200,193,244,211,241,207,207,184,203,251,201,259,263,181,192,192,197,199,323,23,59
Oat groats and meal,Oats,Green,1863.023871,2097.620104,2357,702,1768,925,1893,1779,1688,2222,1908,,1448,2281,2124,2463,1954,2063,1646,1765,1853,1830,1894,2382,1716,1762,2696,2577,1298,1598,1763,1251,1939,1867,2385,2095,2182,1840,2093,1714,2172,2332,2169,2163,1606,1739,1776,1014,2004,2130,2547,255,702
Oat groats and meal,Oats,Blue,843.5731059,256.8149125,84,3132,198,2643,1510,431,599,316,463,,2062,166,257,4,17,368,373,3,409,363,243,29,222,49,224,89,1863,1,542,2922,111,320,2,68,199,1549,34,431,163,8,404,449,1587,136,452,2129,35,106,516,1,
Oat groats and meal,Oats,Grey,305.2955582,181.7208785,291,271,299,267,350,259,256,267,274,,328,303,296,309,307,280,266,257,275,262,288,300,280,275,418,352,399,258,261,275,284,274,346,300,341,294,294,261,288,355,285,367,373,257,272,272,280,282,459,32,83
"Oats, rolled or flaked grains",Oats,Green,1774.949197,1998.454865,2246,669,1684,881,1803,1695,1608,2117,1818,,1379,2173,2023,2347,1862,1965,1568,1682,1766,1744,1805,2269,1635,1678,2569,2455,1236,1523,1680,1192,1847,1779,2272,1996,2079,1753,1995,1633,2069,2221,2067,2061,1530,1656,1692,966,1909,2030,2426,243,669
"Oats, rolled or flaked grains",Oats,Blue,803.6930872,244.673957,80,2984,188,2518,1439,411,571,301,441,,1965,158,244,3,17,350,355,3,390,346,232,27,212,46,213,84,1775,1,516,2784,106,305,2,65,190,1476,33,410,155,7,384,428,1512,130,430,2029,34,101,491,1,
"Oats, rolled or flaked grains",Oats,Grey,290.8626745,173.1300024,277,258,285,255,333,247,244,255,262,,312,289,282,294,293,267,254,245,262,249,274,285,266,262,398,335,380,246,249,262,270,261,330,286,325,280,280,248,275,339,272,349,355,245,259,260,267,269,437,31,80
"Oats, hulled,pearled,sliced or kibbled",Oats,Green,1799.079245,2025.623424,2276,678,1707,893,1828,1718,1630,2146,1842,,1398,2203,2051,2379,1887,1992,1590,1705,1790,1767,1829,2300,1657,1701,2604,2488,1253,1543,1703,1209,1872,1803,2303,2024,2107,1776,2022,1655,2098,2252,2095,2089,1551,1679,1715,979,1935,2057,2459,247,678
"Oats, hulled,pearled,sliced or kibbled",Oats,Blue,814.6191198,248.0002462,81,3025,191,2552,1458,417,579,305,447,,1991,160,248,3,17,355,360,3,395,351,235,28,215,47,216,86,1799,1,523,2822,107,309,2,66,192,1496,33,416,157,7,390,434,1532,131,436,2056,34,103,498,1,
"Oats, hulled,pearled,sliced or kibbled",Oats,Grey,294.8168892,175.483667,281,262,288,258,338,250,247,258,265,,316,293,286,298,297,271,257,248,265,253,278,289,270,265,403,340,385,249,252,266,274,264,334,290,330,283,284,252,279,343,275,354,360,248,262,263,270,273,443,31,81
Buckwheat,Buckwheat,Green,2743.38837,2768.807099,3418,942,3715,1152,3347,2576,2470,3548,2794,2728,2301,3262,3189,3395,4058,3120,3633,2442,2696,2602,2657,3263,3596,3443,3472,3676,1818,2626,2459,2369,2578,2720,3304,2985,4206,1703,2852,2524,2958,3580,3417,3751,2777,2566,2708,1627,2785,2707,3052,778,674
Buckwheat,Buckwheat,Blue,790.5152007,144.3028874,70,2573,137,2154,656,452,661,395,440,571,1704,96,111,5,19,132,211,19,464,377,371,57,45,59,104,64,2436,186,706,2249,286,295,4,83,165,1803,144,429,216,16,128,569,1331,63,318,2137,16,358,602,2,
Buckwheat,Buckwheat,Grey,469.4372601,229.138997,448,428,526,419,568,405,402,406,428,430,521,464,441,454,560,441,459,400,421,402,426,432,461,479,549,530,537,403,403,493,410,415,463,435,590,452,423,408,429,517,464,565,599,396,425,450,408,413,575,111,89
"Cabbages,kohlrabi,kale and sim edible brassicas nes,fresh or chilled",Cabbages and other brassicas,Green,122.8409094,181.1166554,224,49,228,45,151,171,171,243,178,171,70,204,196,224,276,195,231,152,171,169,157,200,240,228,193,234,61,165,172,114,160,179,212,188,261,77,177,168,191,234,212,193,90,161,169,55,187,164,121,55,63
"Cabbages,kohlrabi,kale and sim edible brassicas nes,fresh or chilled",Cabbages and other brassicas,Blue,118.6040539,26.36557211,24,208,44,188,133,36,46,40,61,101,211,23,27,1,7,30,49,5,49,32,43,15,18,15,42,22,236,24,45,216,31,32,2,19,47,155,25,35,36,7,35,115,202,9,42,194,5,35,133,0,
"Cabbages,kohlrabi,kale and sim edible brassicas nes,fresh or chilled",Cabbages and other brassicas,Grey,59.7915425,72.85248778,63,56,79,54,72,52,52,53,54,55,60,66,61,69,91,60,61,53,53,52,54,63,73,68,99,83,60,53,52,60,53,53,86,60,88,55,56,53,55,92,64,72,69,52,54,55,59,53,75,16,16
"Asparagus, fresh or chilled",Asparagus,Green,952.7199504,1523.999093,,665,2264,800,1948,1784,2126,,,,835,2145,1980,2123,2047,1981,,1467,2004,1726,1824,1793,,1939,1324,2231,1767,1669,1890,1031,1626,2042,1736,1753,2232,1080,1742,1705,2050,1476,2232,1119,854,1559,1780,813,1729,1586,2549,321,415
"Asparagus, fresh or chilled",Asparagus,Blue,1336.968914,118.7595065,,2992,743,1444,807,307,47,,,,1855,67,260,110,721,380,,210,278,322,92,282,,553,925,299,816,298,364,2364,318,284,218,331,961,1045,392,388,184,885,330,1923,2053,212,389,1570,361,338,,,
"Asparagus, fresh or chilled",Asparagus,Grey,422.5568294,506.9310789,,360,425,401,555,353,396,,,,405,429,390,424,395,366,,345,389,349,403,390,,361,408,500,843,349,369,349,350,364,431,362,361,396,358,349,326,384,399,349,350,346,361,446,353,352,702,64,71
Cabbage lettuce (head lettuce) fresh or chilled,Lettuce and chicory,Green,29.54157564,132.5394753,,25,43,23,56,53,,84,32,66,14,54,53,54,85,53,54,48,56,54,47,44,47,55,,52,14,54,58,42,57,54,,66,48,24,54,67,54,47,56,40,20,54,52,40,63,52,,25,57
Cabbage lettuce (head lettuce) fresh or chilled,Lettuce and chicory,Blue,42.41750076,27.80863369,,38,54,46,37,21,,14,18,19,94,26,27,29,3,26,45,10,25,17,26,21,49,33,,34,93,16,19,84,14,22,,6,63,53,22,4,26,40,33,71,92,8,25,29,11,21,,1,
Cabbage lettuce (head lettuce) fresh or chilled,Lettuce and chicory,Grey,40.90726629,76.60597465,,62,21,43,43,21,,22,13,27,22,21,21,21,31,21,21,21,22,22,21,17,21,21,,21,22,22,24,35,23,21,,26,22,21,22,28,21,21,21,22,21,22,21,27,26,21,,8,17
"Lettuce, fresh or chilled nes",Lettuce and chicory,Green,29.54157564,132.5394753,,25,43,23,56,53,,84,32,66,14,54,53,54,85,53,54,48,56,54,47,44,47,55,,52,14,54,58,42,57,54,,66,48,24,54,67,54,47,56,40,20,54,52,40,63,52,,25,57
"Lettuce, fresh or chilled nes",Lettuce and chicory,Blue,42.41750076,27.80863369,,38,54,46,37,21,,14,18,19,94,26,27,29,3,26,45,10,25,17,26,21,49,33,,34,93,16,19,84,14,22,,6,63,53,22,4,26,40,33,71,92,8,25,29,11,21,,1,
"Lettuce, fresh or chilled nes",Lettuce and chicory,Grey,40.90726629,76.60597465,,62,21,43,43,21,,22,13,27,22,21,21,21,31,21,21,21,22,22,21,17,21,21,,21,22,22,24,35,23,21,,26,22,21,22,28,21,21,21,22,21,22,21,27,26,21,,8,17
"Spinach,N-Z spinach & orache spinach (garden spinach),fresh or chilled",Spinach,Green,59.53941313,118.2856435,75,29,82,45,91,71,74,82,68,85,25,86,73,80,110,75,,66,89,70,66,60,94,107,,57,,71,90,109,81,62,,75,106,41,83,71,65,82,81,125,48,71,84,48,83,70,52,29,42
"Spinach,N-Z spinach & orache spinach (garden spinach),fresh or chilled",Spinach,Blue,36.82260105,13.65836772,33,54,36,41,29,23,14,44,39,16,108,19,30,28,0,27,,9,9,24,31,22,20,2,,61,,17,7,36,9,35,,22,25,61,11,19,36,30,31,16,81,6,15,62,10,26,65,1,
"Spinach,N-Z spinach & orache spinach (garden spinach),fresh or chilled",Spinach,Grey,87.73944442,159.9666169,59,125,66,92,105,52,56,53,56,62,57,59,53,56,73,52,,55,67,53,53,46,71,72,,53,,55,70,140,61,54,,56,90,57,62,54,55,65,55,125,73,54,65,70,64,53,52,18,23
"Spinach, N-Z spinach and orache spinach (garden spinach), frozen",Spinach,Green,170.1126089,337.9589814,213,84,235,127,260,204,212,236,193,244,71,245,210,229,314,213,,189,254,200,188,170,268,306,,164,,203,257,311,231,179,,214,304,118,237,203,187,234,232,358,136,202,239,136,236,201,149,84,121
"Spinach, N-Z spinach and orache spinach (garden spinach), frozen",Spinach,Blue,105.2074316,39.02390778,95,154,101,118,83,67,39,127,111,45,307,55,86,80,0,77,,26,26,70,87,61,57,5,,175,,48,20,104,27,99,,62,71,175,31,56,103,86,90,45,232,19,43,177,28,75,186,2,
"Spinach, N-Z spinach and orache spinach (garden spinach), frozen",Spinach,Grey,250.6841269,457.0474769,168,358,188,263,301,150,160,152,161,176,164,168,152,161,209,149,,159,192,152,152,130,203,204,,150,,158,199,400,173,153,,161,257,162,178,155,157,185,156,358,208,154,187,201,182,150,149,51,66
"Cauliflowers and headed broccoli, fresh or chilled",Cauliflowers and broccoli,Green,161.2097253,189.2867225,235,38,250,32,203,161,160,224,181,188,94,220,214,230,279,212,247,158,178,163,168,216,247,236,222,249,69,166,155,127,166,180,221,201,285,76,190,158,197,242,232,239,125,169,180,54,192,172,172,52,46
"Cauliflowers and headed broccoli, fresh or chilled",Cauliflowers and broccoli,Blue,81.55173031,21.14885614,10,214,17,202,72,48,58,56,51,56,182,9,11,0,2,14,24,7,42,41,36,7,6,6,15,7,222,25,65,203,28,32,1,8,17,163,15,46,27,2,14,62,155,7,32,203,2,34,77,0,
"Cauliflowers and headed broccoli, fresh or chilled",Cauliflowers and broccoli,Grey,83.055537,74.67141531,78,65,103,62,112,60,59,59,67,70,99,79,73,78,105,73,81,63,65,60,69,75,88,82,128,98,92,62,58,83,64,63,98,73,115,73,70,61,70,106,80,110,126,63,67,73,68,62,125,15,12
"Brussels sprouts, fresh or chilled",Cauliflowers and broccoli,Green,161.2097253,189.2867225,235,38,250,32,203,161,160,224,181,188,94,220,214,230,279,212,247,158,178,163,168,216,247,236,222,249,69,166,155,127,166,180,221,201,285,76,190,158,197,242,232,239,125,169,180,54,192,172,172,52,46
"Brussels sprouts, fresh or chilled",Cauliflowers and broccoli,Blue,81.55173031,21.14885614,10,214,17,202,72,48,58,56,51,56,182,9,11,0,2,14,24,7,42,41,36,7,6,6,15,7,222,25,65,203,28,32,1,8,17,163,15,46,27,2,14,62,155,7,32,203,2,34,77,0,
"Brussels sprouts, fresh or chilled",Cauliflowers and broccoli,Grey,83.055537,74.67141531,78,65,103,62,112,60,59,59,67,70,99,79,73,78,105,73,81,63,65,60,69,75,88,82,128,98,92,62,58,83,64,63,98,73,115,73,70,61,70,106,80,110,126,63,67,73,68,62,125,15,12
"Pumpkins, squash and gourds","Pumpkins, squash and gourds",Green,152.4948879,228.2062834,176,227,206,96,201,161,136,193,170,193,85,173,167,151,160,151,163,129,160,158,153,152,171,179,116,173,103,154,169,220,144,146,116,152,177,132,152,158,158,142,179,196,131,136,154,99,149,137,101,10,18
"Pumpkins, squash and gourds","Pumpkins, squash and gourds",Blue,30.2934133,23.66458717,15,89,17,95,35,3,18,8,10,14,136,10,11,28,42,23,45,3,12,1,10,26,30,15,87,25,145,1,4,54,8,18,60,10,72,44,11,2,14,51,14,57,94,1,11,98,6,21,94,0,
"Pumpkins, squash and gourds","Pumpkins, squash and gourds",Grey,73.59178616,84.41108319,65,153,85,85,100,65,57,61,68,87,65,70,65,60,61,61,59,59,67,64,66,59,65,70,64,69,94,64,69,120,63,60,56,64,71,88,64,67,64,63,68,89,92,58,65,74,62,57,63,4,6
"Cucumbers and gherkins, fresh or chilled",Cucumbers and gherkins,Green,185.698972,206.4853706,292,93,218,94,198,247,267,355,281,287,113,268,285,264,363,243,367,224,277,262,270,265,266,318,170,350,121,242,256,163,236,264,234,259,304,135,244,234,290,262,260,277,118,226,247,112,242,247,,222,75
"Cucumbers and gherkins, fresh or chilled",Cucumbers and gherkins,Blue,141.9245791,42.31792744,46,298,160,229,207,41,31,27,38,82,292,50,24,59,0,62,15,5,28,21,18,44,89,26,159,1,348,26,45,319,34,19,87,29,128,180,42,47,19,81,76,151,304,17,43,236,29,35,,,
"Cucumbers and gherkins, fresh or chilled",Cucumbers and gherkins,Grey,95.47203458,104.5207782,93,90,88,90,96,89,92,91,100,114,88,97,104,91,118,87,109,88,95,93,105,90,89,111,91,121,116,88,90,91,90,91,101,93,101,91,89,87,96,101,89,124,89,83,88,90,88,89,,71,23
"Cucumbers&gherkins provisionally presvd,but nt f immediate consumption",Cucumbers and gherkins,Green,185.698972,206.4853706,292,93,218,94,198,247,267,355,281,287,113,268,285,264,363,243,367,224,277,262,270,265,266,318,170,350,121,242,256,163,236,264,234,259,304,135,244,234,290,262,260,277,118,226,247,112,242,247,,222,75
"Cucumbers&gherkins provisionally presvd,but nt f immediate consumption",Cucumbers and gherkins,Blue,141.9245791,42.31792744,46,298,160,229,207,41,31,27,38,82,292,50,24,59,0,62,15,5,28,21,18,44,89,26,159,1,348,26,45,319,34,19,87,29,128,180,42,47,19,81,76,151,304,17,43,236,29,35,,,
"Cucumbers&gherkins provisionally presvd,but nt f immediate consumption",Cucumbers and gherkins,Grey,95.47203458,104.5207782,93,90,88,90,96,89,92,91,100,114,88,97,104,91,118,87,109,88,95,93,105,90,89,111,91,121,116,88,90,91,90,91,101,93,101,91,89,87,96,101,89,124,89,83,88,90,88,89,,71,23
"Peppers of the genus Capsicum or of the genus Pimenta,fresh or chilled","Chillies and peppers, green",Green,94.57225828,239.7495018,153,127,113,45,113,132,121,195,134,99,41,133,129,154,207,127,171,116,125,131,120,131,131,134,83,192,47,126,141,225,119,137,100,137,223,63,131,137,133,102,128,143,58,115,119,47,145,119,89,2,51
"Peppers of the genus Capsicum or of the genus Pimenta,fresh or chilled","Chillies and peppers, green",Blue,96.6315105,42.24064175,38,129,100,135,120,29,45,18,46,115,199,43,44,28,2,44,40,11,45,26,42,42,68,56,109,13,188,25,30,75,32,24,81,25,50,109,29,22,40,99,61,106,177,22,43,154,10,38,123,,
"Peppers of the genus Capsicum or of the genus Pimenta,fresh or chilled","Chillies and peppers, green",Grey,58.211241,97.22285658,52,89,48,50,59,49,44,50,50,47,47,49,48,56,71,47,53,47,46,49,48,47,47,49,46,72,47,48,53,143,47,49,45,52,96,46,50,53,47,46,46,74,47,44,46,46,55,45,46,1,15
"Onions,provisionally preservd but nt suitable f immediate consumption","Onions (inc. shallots), green",Green,53.31041858,192.2477338,99,26,85,35,118,83,82,99,125,115,75,81,83,107,137,91,97,69,82,80,82,82,96,87,81,60,91,78,86,66,97,,63,75,93,62,81,79,89,61,99,88,73,69,83,33,82,73,55,40,46
"Onions,provisionally preservd but nt suitable f immediate consumption","Onions (inc. shallots), green",Blue,74.14693563,87.7689308,43,141,66,86,52,29,43,51,20,53,76,35,36,12,4,32,57,14,42,29,27,32,53,45,46,79,66,27,32,117,9,,54,33,92,62,32,30,43,66,40,113,70,23,34,95,29,32,84,,
"Onions,provisionally preservd but nt suitable f immediate consumption","Onions (inc. shallots), green",Grey,31.82778452,65.43370628,25,28,25,27,63,24,25,25,35,30,59,25,25,33,38,25,25,25,24,24,29,27,25,25,43,25,67,24,26,58,31,,25,24,26,37,25,24,25,25,25,42,48,23,25,30,24,25,25,10,11
Onions dried but not further prepared,"Onions, dry",Green,53.31041858,192.2477338,99,26,85,35,118,83,82,99,125,115,75,81,83,107,137,91,97,69,82,80,82,82,96,87,81,60,91,78,86,66,97,,63,75,93,62,81,79,89,61,99,88,73,69,83,33,82,73,55,40,46
Onions dried but not further prepared,"Onions, dry",Blue,74.14693563,87.7689308,43,141,66,86,52,29,43,51,20,53,76,35,36,12,4,32,57,14,42,29,27,32,53,45,46,79,66,27,32,117,9,,54,33,92,62,32,30,43,66,40,113,70,23,34,95,29,32,84,,
Onions dried but not further prepared,"Onions, dry",Grey,31.82778452,65.43370628,25,28,25,27,63,24,25,25,35,30,59,25,25,33,38,25,25,25,24,24,29,27,25,25,43,25,67,24,26,58,31,,25,24,26,37,25,24,25,25,25,42,48,23,25,30,24,25,25,10,11
"Peas, shelled or unshelled, fresh or chilled","Peas, green",Green,249.4768957,382.0064588,339,53,436,72,142,220,282,296,250,239,387,332,222,349,,216,304,238,279,218,220,356,364,379,404,287,,224,248,130,291,219,221,212,496,282,291,198,268,185,351,319,137,206,201,250,214,287,155,28,
"Peas, shelled or unshelled, fresh or chilled","Peas, green",Blue,111.3447901,62.60198857,24,317,41,246,272,84,43,89,85,104,99,20,108,1,,105,123,6,53,82,92,2,26,11,18,105,,67,74,351,15,79,129,93,48,133,36,97,62,192,31,171,323,51,104,160,73,23,240,,
"Peas, shelled or unshelled, fresh or chilled","Peas, green",Grey,164.445864,150.4751461,141,104,201,108,104,105,132,113,118,104,280,150,101,140,,101,135,113,128,103,111,144,148,168,242,140,,107,119,107,146,105,116,105,223,248,131,102,120,102,148,168,137,100,101,231,103,132,102,10,
"Peas, frozen","Peas, green",Green,356.3955653,545.7235126,485,76,622,102,203,315,402,423,357,341,554,474,317,498,,308,434,340,399,311,315,508,520,541,577,410,,321,355,185,416,313,315,303,709,403,415,282,383,265,501,455,195,294,288,357,305,411,222,41,
"Peas, frozen","Peas, green",Blue,159.0639859,89.43141224,35,452,59,351,389,120,62,127,122,149,142,28,155,1,,151,176,9,75,117,131,3,37,15,25,149,,95,106,502,22,113,184,133,69,189,51,139,89,275,44,245,461,73,149,228,104,32,343,,
"Peas, frozen","Peas, green",Grey,234.9226629,214.9644945,201,148,287,154,149,150,188,161,169,148,400,214,145,200,,144,193,162,183,148,158,206,212,240,346,200,,153,170,153,208,149,166,150,318,354,188,145,172,146,211,240,195,143,144,330,147,188,146,15,
String beans,String beans,Green,329.3532303,300.9650322,404,100,603,124,293,360,373,462,392,362,272,444,422,418,500,329,347,306,390,333,380,425,452,499,228,479,,340,354,336,378,354,311,363,607,321,382,328,364,270,473,458,198,304,355,151,353,388,234,38,135
String beans,String beans,Blue,111.3669168,103.7698583,56,438,21,303,250,39,44,25,45,121,324,18,24,41,8,85,162,17,39,54,36,18,41,27,225,30,,36,62,333,9,40,132,46,47,105,16,59,52,211,11,202,357,39,46,341,24,12,267,1,
String beans,String beans,Grey,187.3093598,142.5342178,170,153,277,158,187,168,181,162,185,195,252,209,194,186,217,155,158,155,190,159,189,181,192,227,152,227,,161,173,218,192,153,162,173,264,253,183,162,165,150,200,251,187,150,169,162,167,179,149,16,52
"Carrots and turnips, fresh or chilled",Carrots and turnips,Green,65.20895357,105.7305916,107,34,95,67,64,75,79,105,104,146,49,67,78,64,78,80,113,45,80,72,58,57,,80,60,82,51,65,81,42,58,89,47,70,,56,73,76,97,,82,96,71,53,83,49,77,52,,29,29
"Carrots and turnips, fresh or chilled",Carrots and turnips,Blue,19.96017733,28.1633299,7,84,9,15,42,1,7,31,16,2,27,6,4,1,17,5,16,0,5,1,0,1,,11,9,2,34,0,3,103,1,10,0,2,,10,3,1,10,,5,91,31,1,11,19,3,5,,0,
"Carrots and turnips, fresh or chilled",Carrots and turnips,Grey,39.12683573,61.17177768,34,36,34,41,47,34,34,34,34,34,34,34,34,37,34,34,34,33,34,34,34,38,,34,49,47,35,34,33,34,34,34,38,34,,34,34,34,34,,28,52,49,32,33,38,34,34,,19,16
"Celery, other than celeriac, fresh or chilled",Carrots and turnips,Green,65.20895357,105.7305916,107,34,95,67,64,75,79,105,104,146,49,67,78,64,78,80,113,45,80,72,58,57,,80,60,82,51,65,81,42,58,89,47,70,,56,73,76,97,,82,96,71,53,83,49,77,52,,29,29
"Celery, other than celeriac, fresh or chilled",Carrots and turnips,Blue,19.96017733,28.1633299,7,84,9,15,42,1,7,31,16,2,27,6,4,1,17,5,16,0,5,1,0,1,,11,9,2,34,0,3,103,1,10,0,2,,10,3,1,10,,5,91,31,1,11,19,3,5,,0,
"Celery, other than celeriac, fresh or chilled",Carrots and turnips,Grey,39.12683573,61.17177768,34,36,34,41,47,34,34,34,34,34,34,34,34,37,34,34,34,33,34,34,34,38,,34,49,47,35,34,33,34,34,34,38,34,,34,34,34,34,,28,52,49,32,33,38,34,34,,19,16
"Maize, green","Maize, green",Green,196.8592793,455.0895399,352,79,265,73,230,316,305,417,304,288,136,343,303,427,547,285,287,287,318,326,259,421,330,310,225,254,86,327,291,154,324,283,298,312,299,163,329,317,299,391,308,224,130,287,262,127,336,314,129,98,98
"Maize, green","Maize, green",Blue,232.4035105,156.8971321,95,415,236,340,316,64,87,84,117,203,397,80,105,17,15,112,210,20,87,48,111,18,136,138,235,239,455,33,104,467,41,90,138,68,296,271,54,59,102,117,137,321,407,32,115,338,30,60,334,3,
"Maize, green","Maize, green",Grey,103.9162161,87.68592277,99,92,98,88,113,99,94,93,94,104,117,106,93,122,157,89,88,97,98,101,90,119,97,94,114,98,88,102,92,93,107,87,114,100,99,109,104,103,89,143,93,93,102,91,86,118,103,99,87,27,23
"Sweet corn, frozen","Maize, green",Green,196.8592793,455.0895399,352,79,265,73,230,316,305,417,304,288,136,343,303,427,547,285,287,287,318,326,259,421,330,310,225,254,86,327,291,154,324,283,298,312,299,163,329,317,299,391,308,224,130,287,262,127,336,314,129,98,98
"Sweet corn, frozen","Maize, green",Blue,232.4035105,156.8971321,95,415,236,340,316,64,87,84,117,203,397,80,105,17,15,112,210,20,87,48,111,18,136,138,235,239,455,33,104,467,41,90,138,68,296,271,54,59,102,117,137,321,407,32,115,338,30,60,334,3,
"Sweet corn, frozen","Maize, green",Grey,103.9162161,87.68592277,99,92,98,88,113,99,94,93,94,104,117,106,93,122,157,89,88,97,98,101,90,119,97,94,114,98,88,102,92,93,107,87,114,100,99,109,104,103,89,143,93,93,102,91,86,118,103,99,87,27,23
"Apples, fresh",Apples,Green,148.328029,561.3469909,351,119,311,138,189,297,296,441,328,,127,290,294,287,299,315,381,250,291,290,258,273,336,316,171,259,157,283,301,186,263,326,236,281,356,180,285,291,312,231,333,319,166,255,294,127,289,263,,59,70
"Apples, fresh",Apples,Blue,243.8905283,133.3207514,82,402,155,260,276,36,59,50,87,,312,76,63,70,148,59,102,16,68,36,51,61,110,84,144,152,309,31,60,363,40,50,74,50,180,143,51,41,85,143,88,256,294,21,61,243,45,43,,0,
"Apples, fresh",Apples,Grey,54.41929,126.9420041,54,55,54,54,54,54,52,54,54,,55,54,54,54,54,54,54,54,54,54,54,54,54,54,53,54,55,54,54,55,53,54,54,54,54,54,54,54,54,54,54,54,54,53,54,54,54,54,,12,12
"Apples, dried",Apples,Green,1236.066909,4677.89159,2921,988,2594,1146,1576,2474,2469,3674,2730,,1060,2414,2454,2393,2493,2623,3178,2084,2423,2417,2148,2277,2804,2634,1429,2160,1311,2358,2507,1551,2195,2717,1968,2338,2966,1502,2374,2429,2604,1928,2775,2658,1387,2129,2447,1058,2411,2191,,490,580
"Apples, dried",Apples,Blue,2032.421069,1111.006262,683,3350,1294,2163,2301,298,491,420,729,,2602,629,528,585,1236,491,851,137,568,297,426,510,913,704,1202,1269,2574,256,503,3029,335,413,618,418,1496,1192,423,344,712,1192,734,2132,2449,171,506,2022,378,354,,0,
"Apples, dried",Apples,Grey,453.4940833,1057.850034,453,456,454,454,454,453,434,453,452,,455,453,453,453,453,453,452,448,451,451,448,453,453,453,438,454,456,453,451,456,445,453,453,450,449,454,453,453,453,453,453,453,454,442,452,454,453,449,,96,98
Apple juice unfermented&not spiritd whether or not sugard or sweetend,Apples,Green,206.0111514,779.6485984,487,165,432,191,263,412,411,612,455,,177,402,409,399,416,437,530,347,404,403,358,379,467,439,238,360,218,393,418,259,366,453,328,390,494,250,396,405,434,321,462,443,231,355,408,176,402,365,,82,97
Apple juice unfermented&not spiritd whether or not sugard or sweetend,Apples,Blue,338.7368449,185.1677103,114,558,216,361,384,50,82,70,122,,434,105,88,98,206,82,142,23,95,49,71,85,152,117,200,212,429,43,84,505,56,69,103,70,249,199,71,57,119,199,122,355,408,28,84,337,63,59,,0,
Apple juice unfermented&not spiritd whether or not sugard or sweetend,Apples,Grey,75.58234722,176.308339,75,76,76,76,76,75,72,75,75,,76,75,76,75,76,76,75,75,75,75,75,75,76,76,73,76,76,75,75,76,74,76,76,75,75,76,76,75,75,75,76,76,76,74,75,76,75,75,,16,16
"Pears and quinces, fresh",Pears,Green,126.6772183,644.8048809,287,106,255,113,153,243,246,361,270,,99,238,241,235,246,259,312,205,236,238,212,220,278,257,,212,129,231,246,142,218,268,,228,291,147,233,237,260,203,272,272,141,202,241,104,237,215,,35,57
"Pears and quinces, fresh",Pears,Blue,188.3207499,93.84277227,67,361,127,204,229,30,53,41,74,,270,63,52,57,118,50,84,13,56,27,42,44,86,68,,125,253,26,50,300,35,38,,39,148,119,42,35,62,105,72,198,241,14,50,199,37,35,,,
"Pears and quinces, fresh",Pears,Grey,44.50228463,183.422283,44,45,45,45,45,44,45,44,45,,45,44,44,44,45,44,44,44,44,44,44,44,45,44,,45,45,44,44,45,44,44,,44,44,45,44,44,44,45,45,44,45,41,44,45,44,44,,7,10
"Apricots, fresh",Apricots,Green,329.0428972,693.8033582,,289,706,311,435,669,685,,,,274,660,668,652,677,712,937,,660,659,585,590,786,712,,595,358,,680,428,594,,,635,695,382,644,650,,559,734,728,381,522,669,288,649,598,,128,153
"Apricots, fresh",Apricots,Blue,536.1502561,501.5663071,,919,318,560,593,64,128,,,,720,148,119,145,334,113,180,,128,61,95,87,194,161,,311,668,,114,711,73,,,92,476,360,94,67,,307,194,602,636,47,112,528,123,74,,0,
"Apricots, fresh",Apricots,Grey,127.4174944,91.63268596,,128,127,127,127,127,127,,,,128,127,127,125,127,127,127,,126,127,126,122,127,127,,127,128,,127,128,125,,,126,127,127,127,127,,127,127,133,127,110,127,127,127,126,,27,28
"Apricots, dried",Apricots,Green,1134.63068,2392.425373,,998,2435,1073,1499,2305,2364,,,,944,2276,2303,2248,2335,2457,3230,,2275,2274,2016,2033,2711,2455,,2052,1234,,2344,1477,2050,,,2190,2398,1318,2219,2241,,1926,2532,2509,1313,1800,2305,993,2239,2063,,442,528
"Apricots, dried",Apricots,Blue,1848.793987,1729.53899,,3170,1098,1931,2046,219,442,,,,2481,512,410,500,1153,391,622,,443,212,327,299,669,556,,1071,2304,,392,2453,252,,,317,1640,1240,324,231,,1058,668,2076,2192,162,385,1820,425,254,,0,
"Apricots, dried",Apricots,Grey,439.3706702,315.9747792,,442,439,440,439,438,439,,,,441,438,439,431,439,439,438,,436,438,434,420,439,439,,439,441,,437,440,431,,,436,438,439,439,438,,439,439,459,440,381,437,440,439,435,,92,95
Sour cherries,Sour cherries,Green,510.5738233,1098.334863,1225,,1065,395,620,984,1080,,1147,,366,999,985,1019,1079,1065,,813,1058,955,921,864,,1241,527,873,448,926,991,564,918,1096,787,942,,560,999,938,1112,1030,1120,,884,833,978,316,971,908,1495,88,259
Sour cherries,Sour cherries,Blue,689.8510156,213.4674186,304,,390,818,996,157,207,,314,,1134,255,256,220,559,245,,112,183,177,52,278,,233,711,553,1212,161,262,1317,118,201,307,206,,578,178,209,222,260,340,,673,105,254,976,188,51,,,
Sour cherries,Sour cherries,Grey,193.7020591,98.77810583,189,,189,189,197,190,200,,189,,190,191,189,200,244,190,,187,203,188,198,189,,217,192,197,238,189,188,191,196,188,197,189,,194,198,190,189,236,189,,304,185,188,191,190,202,385,17,43
"Cherries, fresh",Cherries,Green,527.7366434,960.9504017,,544,1159,501,681,1074,1107,,,,443,1065,1037,1045,1220,1131,1513,914,1063,1059,943,975,,1146,610,929,574,1032,1093,703,962,1195,868,1023,881,654,1042,,1211,844,1204,1113,609,853,1074,462,1056,836,,237,302
"Cherries, fresh",Cherries,Blue,904.5741,531.0865301,,1811,373,949,1028,134,251,,,,1199,337,212,318,276,213,345,53,246,130,183,225,,303,489,490,1127,113,229,1224,164,170,280,183,715,532,192,,202,522,324,1011,1057,101,221,892,165,126,,,
"Cherries, fresh",Cherries,Grey,198.6065134,111.5546337,,200,198,199,199,198,198,,,,200,198,198,198,198,198,198,198,197,198,196,198,,198,190,199,199,198,198,199,195,197,198,197,153,199,198,,199,198,199,202,199,184,198,199,198,183,,47,51
Cherries provisionally preservd but unsuitable f immediate consumption,Cherries,Green,527.7366434,960.9504017,,544,1159,501,681,1074,1107,,,,443,1065,1037,1045,1220,1131,1513,914,1063,1059,943,975,,1146,610,929,574,1032,1093,703,962,1195,868,1023,881,654,1042,,1211,844,1204,1113,609,853,1074,462,1056,836,,237,302
Cherries provisionally preservd but unsuitable f immediate consumption,Cherries,Blue,904.5741,531.0865301,,1811,373,949,1028,134,251,,,,1199,337,212,318,276,213,345,53,246,130,183,225,,303,489,490,1127,113,229,1224,164,170,280,183,715,532,192,,202,522,324,1011,1057,101,221,892,165,126,,,
Cherries provisionally preservd but unsuitable f immediate consumption,Cherries,Grey,198.6065134,111.5546337,,200,198,199,199,198,198,,,,200,198,198,198,198,198,198,198,197,198,196,198,,198,190,199,199,198,198,199,195,197,198,197,153,199,198,,199,198,199,202,199,184,198,199,198,183,,47,51
"Plums and sloes, fresh",Plums and sloes,Green,307.1644169,1570.433222,709,242,630,279,381,598,623,782,669,,241,589,596,582,599,640,772,510,590,590,532,541,688,636,338,525,319,583,629,376,540,663,480,562,615,361,582,590,636,500,674,618,330,482,596,254,578,532,,88,157
"Plums and sloes, fresh",Plums and sloes,Blue,492.1180355,187.8212339,166,760,314,530,568,74,134,121,183,,672,155,128,142,333,125,207,47,137,66,104,125,219,168,272,308,626,70,96,729,88,94,152,99,465,277,112,84,170,256,178,561,602,30,123,499,129,86,,,
"Plums and sloes, fresh",Plums and sloes,Grey,109.9364212,421.5015266,110,111,110,110,110,110,110,110,110,,111,110,110,110,110,110,110,110,109,110,109,110,110,110,106,110,111,110,110,111,108,110,110,109,110,110,110,110,110,110,110,112,110,106,110,110,110,109,,17,26
"Prunes, dried",Plums and sloes,Green,877.6126197,4486.952063,2027,690,1801,797,1089,1710,1779,2233,1911,,688,1683,1704,1662,1711,1829,2206,1458,1687,1686,1519,1546,1965,1819,966,1500,910,1666,1797,1075,1543,1895,1371,1605,1758,1032,1662,1685,1818,1427,1927,1765,942,1376,1704,724,1651,1521,,252,449
"Prunes, dried",Plums and sloes,Blue,1406.05153,536.6320968,475,2171,898,1514,1623,212,383,345,523,,1920,444,367,406,951,357,591,133,391,188,296,357,625,481,776,881,1788,199,274,2084,253,269,436,284,1328,791,319,241,487,733,510,1603,1720,87,351,1425,368,245,,,
"Prunes, dried",Plums and sloes,Grey,314.1040605,1204.290076,314,317,315,315,315,315,315,314,315,,317,314,315,314,315,315,314,315,312,314,311,314,315,315,302,315,316,314,315,317,309,313,315,312,314,315,315,314,314,315,315,320,315,303,313,315,315,312,,50,75
"Strawberries, fresh",Strawberries,Green,79.0751559,200.9751504,92,32,82,25,50,75,78,112,88,103,31,72,74,71,73,80,103,59,77,74,62,68,88,80,41,65,29,67,79,58,66,84,52,72,80,33,72,75,86,57,85,78,36,63,77,28,73,66,40,20,15
"Strawberries, fresh",Strawberries,Blue,54.05900542,109.395467,28,119,50,82,83,18,22,30,28,34,83,30,25,27,61,26,34,10,23,16,22,23,37,32,65,51,102,13,21,86,16,18,39,22,71,69,19,19,24,50,33,74,91,11,22,73,16,18,78,0,
"Strawberries, fresh",Strawberries,Grey,32.25275112,36.60844366,27,29,28,28,28,27,26,27,28,27,28,27,27,27,28,27,27,27,27,27,27,27,27,27,28,28,29,27,27,28,27,27,27,27,28,28,27,27,27,27,27,28,28,26,27,28,27,27,28,7,5
"Strawberries,uncookd o steamd o boild in water,sweetend o not,frozen",Strawberries,Green,79.0751559,200.9751504,92,32,82,25,50,75,78,112,88,103,31,72,74,71,73,80,103,59,77,74,62,68,88,80,41,65,29,67,79,58,66,84,52,72,80,33,72,75,86,57,85,78,36,63,77,28,73,66,40,20,15
"Strawberries,uncookd o steamd o boild in water,sweetend o not,frozen",Strawberries,Blue,54.05900542,109.395467,28,119,50,82,83,18,22,30,28,34,83,30,25,27,61,26,34,10,23,16,22,23,37,32,65,51,102,13,21,86,16,18,39,22,71,69,19,19,24,50,33,74,91,11,22,73,16,18,78,0,
"Strawberries,uncookd o steamd o boild in water,sweetend o not,frozen",Strawberries,Grey,32.25275112,36.60844366,27,29,28,28,28,27,26,27,28,27,28,27,27,27,28,27,27,27,27,27,27,27,27,27,28,28,29,27,27,28,27,27,27,27,28,28,27,27,27,27,27,28,28,26,27,28,27,27,28,7,5
Strawberries provis preservd but unsuitable f immediate consumption,Strawberries,Green,79.0751559,200.9751504,92,32,82,25,50,75,78,112,88,103,31,72,74,71,73,80,103,59,77,74,62,68,88,80,41,65,29,67,79,58,66,84,52,72,80,33,72,75,86,57,85,78,36,63,77,28,73,66,40,20,15
Strawberries provis preservd but unsuitable f immediate consumption,Strawberries,Blue,54.05900542,109.395467,28,119,50,82,83,18,22,30,28,34,83,30,25,27,61,26,34,10,23,16,22,23,37,32,65,51,102,13,21,86,16,18,39,22,71,69,19,19,24,50,33,74,91,11,22,73,16,18,78,0,
Strawberries provis preservd but unsuitable f immediate consumption,Strawberries,Grey,32.25275112,36.60844366,27,29,28,28,28,27,26,27,28,27,28,27,27,27,28,27,27,27,27,27,27,27,27,27,28,28,29,27,27,28,27,27,27,27,28,28,27,27,27,27,27,28,28,26,27,28,27,27,28,7,5
"Raspberries, blackberries, mulberries and loganberries, fresh",Raspberries,Green,171.4688644,292.5870364,203,44,195,92,112,188,181,201,191,359,95,196,192,183,159,211,213,141,182,173,165,144,215,206,115,149,96,167,178,77,162,182,114,185,214,123,181,174,186,147,221,159,102,151,174,76,187,157,99,73,99
"Raspberries, blackberries, mulberries and loganberries, fresh",Raspberries,Blue,226.6708126,52.88475329,112,264,124,174,207,53,80,178,122,,191,64,66,79,182,58,113,32,85,60,64,92,98,76,130,140,214,54,77,361,54,95,117,56,176,119,61,59,112,115,79,281,195,45,96,187,60,70,162,3,
"Raspberries, blackberries, mulberries and loganberries, fresh",Raspberries,Grey,165.2374067,67.32605204,117,122,115,117,118,113,112,117,121,118,118,114,114,114,118,115,114,112,113,112,113,114,117,115,115,116,123,113,112,126,113,117,115,114,121,116,114,113,116,115,115,122,117,108,113,115,113,114,116,43,51
"Raspberries,mulberries,etc uncook,steam/boil in water sweetend/nt,froz",Raspberries,Green,171.4688644,292.5870364,203,44,195,92,112,188,181,201,191,359,95,196,192,183,159,211,213,141,182,173,165,144,215,206,115,149,96,167,178,77,162,182,114,185,214,123,181,174,186,147,221,159,102,151,174,76,187,157,99,73,99
"Raspberries,mulberries,etc uncook,steam/boil in water sweetend/nt,froz",Raspberries,Blue,226.6708126,52.88475329,112,264,124,174,207,53,80,178,122,,191,64,66,79,182,58,113,32,85,60,64,92,98,76,130,140,214,54,77,361,54,95,117,56,176,119,61,59,112,115,79,281,195,45,96,187,60,70,162,3,
"Raspberries,mulberries,etc uncook,steam/boil in water sweetend/nt,froz",Raspberries,Grey,165.2374067,67.32605204,117,122,115,117,118,113,112,117,121,118,118,114,114,114,118,115,114,112,113,112,113,114,117,115,115,116,123,113,112,126,113,117,115,114,121,116,114,113,116,115,115,122,117,108,113,115,113,114,116,43,51
Blueberries,Blueberries,Green,229.1245055,341.453076,383,84,369,174,211,355,343,380,361,679,180,371,363,345,300,399,403,266,345,327,311,272,407,389,217,281,182,315,337,145,307,343,215,349,404,233,342,329,352,278,417,301,192,286,329,144,353,296,188,138,187
Blueberries,Blueberries,Blue,302.8878383,333.7706055,212,498,235,329,390,99,152,337,230,,360,120,124,150,344,109,213,61,161,113,121,174,186,145,245,265,404,102,146,683,102,179,221,107,333,225,116,111,211,218,148,531,369,85,181,353,114,132,307,6,
Blueberries,Blueberries,Grey,220.7975402,170.1399878,221,231,218,221,224,214,212,221,229,222,223,216,216,216,223,216,216,211,213,212,214,216,221,217,217,219,232,213,213,239,214,221,217,216,228,219,215,214,220,217,218,230,221,204,214,218,214,216,220,82,96
"Cranberries, bilberries and other fruits of the genus Vaccinium, fresh",Cranberries,Green,86.28352866,90.92948418,144,32,139,66,80,134,129,143,136,256,68,140,137,130,113,150,152,100,130,123,117,103,153,146,82,106,68,119,127,55,116,129,81,131,152,88,129,124,133,105,157,113,72,108,124,54,133,112,71,52,71
"Cranberries, bilberries and other fruits of the genus Vaccinium, fresh",Cranberries,Blue,114.061647,107.724787,80,188,89,124,147,37,57,127,87,,136,45,47,57,130,41,80,23,61,43,45,66,70,54,92,100,152,38,55,257,39,67,83,40,125,85,44,42,79,82,56,200,139,32,68,133,43,50,116,2,
"Cranberries, bilberries and other fruits of the genus Vaccinium, fresh",Cranberries,Grey,83.14763125,76.92358342,83,87,82,83,84,81,80,83,86,84,84,81,81,81,84,82,81,80,80,80,81,81,83,82,82,82,87,80,80,90,80,83,82,81,86,82,81,80,83,82,82,87,83,77,81,82,81,81,83,31,36
Watermelons,Watermelons,Green,91.80722868,149.9927636,150,54,131,68,111,134,133,181,136,128,68,134,137,139,144,135,144,124,132,133,127,144,149,138,108,133,68,132,131,92,124,135,130,128,134,81,131,126,143,115,142,120,84,122,127,76,132,133,113,1,72
Watermelons,Watermelons,Blue,93.54957202,24.90473273,36,135,80,110,115,28,35,36,40,70,173,45,39,43,92,37,69,3,40,25,40,33,47,53,93,70,170,24,38,178,31,26,50,31,116,103,32,29,29,91,49,122,152,13,38,127,21,29,97,,
Watermelons,Watermelons,Grey,53.0948549,63.42024014,53,54,53,53,53,53,52,53,53,53,54,53,53,53,53,53,53,53,52,52,53,53,53,53,53,53,54,53,52,54,52,53,53,53,53,53,53,53,52,53,53,53,53,50,52,53,53,53,53,0,24
Other melons (inc.cantaloupes),Other melons (inc.cantaloupes),Green,80.00622845,125.1477437,110,85,104,69,116,87,89,125,101,,36,101,108,110,135,100,96,79,97,88,86,96,110,113,70,122,47,87,90,68,84,91,92,91,139,48,96,84,103,123,107,134,71,81,88,37,94,87,133,3,26
Other melons (inc.cantaloupes),Other melons (inc.cantaloupes),Blue,36.95510395,29.16735907,5,43,28,43,36,11,13,13,8,,112,9,3,1,1,9,33,4,9,9,15,12,12,6,49,0,107,7,14,90,10,7,19,7,21,64,5,11,4,2,11,19,77,4,11,87,2,12,2,,
Other melons (inc.cantaloupes),Other melons (inc.cantaloupes),Grey,65.2834906,66.91122436,43,94,46,68,60,39,39,42,46,,41,42,41,43,52,42,39,38,41,39,40,39,43,45,41,48,52,39,40,46,39,40,43,40,59,40,41,39,42,54,43,66,56,37,39,40,40,39,63,1,10
